step,prompt,completion,action,reward
0,"<|start|>system<|message|>You are ChatGPT, a large language model trained by OpenAI.
Knowledge cutoff: 2024-06
Current date: 2025-10-26

Reasoning: medium

# Valid channels: analysis, commentary, final. Channel must be included for every message.<|end|><|start|>developer<|message|># Instructions

You are an optimisation agent that supervises a thermal energy storage (TES) plant. Your job is to minimise cumulative CO₂ emissions over the full simulation horizon by planning TES charge and discharge decisions.
Developer instructions: respond using ASCII characters only. Return a single line formatted exactly as `[action_index]`, where action_index is an integer in {0, 1, 2, 3}. Do not include additional text, explanations, markdown, or keys.

<|end|><|start|>user<|message|>Objective:
- Minimise total CO₂ emissions = electricity consumption × time-varying CO₂ intensity over the horizon.

Current context:
- Current time [h]: 2025-05-07 08:00:00
- Current TES energy [kWh]: 19.507123719962433

Forecast data:
Forecast features (raw values aligned with the RL look-ahead):

- Remaining business hours today (08:00-17:00, close at 18:00):
  - 08:00: load=46.6 kW, co2=0.274 kg-CO2/kWh  ←Now!!!
  - 09:00: load=39.9 kW, co2=0.233 kg-CO2/kWh
  - 10:00: load=43.5 kW, co2=0.213 kg-CO2/kWh
  - 11:00: load=45.5 kW, co2=0.200 kg-CO2/kWh
  - 12:00: load=43.8 kW, co2=0.205 kg-CO2/kWh
  - 13:00: load=46.6 kW, co2=0.213 kg-CO2/kWh
  - 14:00: load=41.6 kW, co2=0.230 kg-CO2/kWh
  - 15:00: load=45.9 kW, co2=0.273 kg-CO2/kWh
  - 16:00: load=44.2 kW, co2=0.326 kg-CO2/kWh
  - 17:00: load=47.0 kW, co2=0.377 kg-CO2/kWh

- Next-day planning metrics (for terminal planning):
  - load_mean=35.7 kW (average cooling demand for next day)
  - co2_low5_avg=0.226 kg-CO2/kWh (average of lowest 5 hours of CO2 factor for next day)
  - co2_min=0.224 kg-CO2/kWh (minimum CO2 factor for next day)

System parameters:
ASHP rated capacity [kW]: 100.0
ASHP base COP [-]: 4.0
TES capacity [kWh]: 300.0

Action space for the next hour:
0 → ASHP output ratio = 0.00 (ASHP off; rely on TES if demand exists)
1 → ASHP output ratio ≈ 0.33 (low output; TES covers most of the remaining demand)
2 → ASHP output ratio ≈ 0.67 (medium output; TES supplements when load exceeds this level)
3 → ASHP output ratio = 1.00 (full output; any surplus charges TES if capacity remains)

Operational notes:
- TES discharges automatically when load exceeds the scheduled ASHP output and energy is available.
- TES charges automatically when ASHP output exceeds the load and free capacity exists.
- Leaving demand unmet causes a large penalty; only select low ASHP ratios when TES has enough energy to bridge the gap.

Decision requirements:
- Optimise with a full-horizon perspective rather than a greedy step.
- Keep TES utilisation efficient; avoid unnecessary saturation or depletion.
- Prioritise emission reductions even if it requires near-term energy use.
- Consider pre-charging during low-carbon periods and discharging during high-carbon periods while respecting TES energy limits.

Return format:
- Output a single token formatted as `[action_index]` (e.g., `[0]`, `[1]`, `[2]`, `[3]`).<|end|><|start|>assistant","analysisWe have an optimization problem: minimize cumulative CO₂ emissions over horizon of business hours for today (08:00-17:00, with next day horizon? The horizon likely includes next-day planning metrics? The RL look-ahead horizon maybe the remaining hours of today. We need to choose action for next hour only: from 08:00 to 09:00. Use available TES energy etc. We try to minimize emissions. The cost is electricity consumption * co2 intensity. Electricity from ASHP, as TES cannot produce electricity. So we want to use ASHP only when co2 intensity is low, and use TES to fill load when high. The co2 factor now is 0.274 kg/kWh, at 09h will be 0.233, that is lower. So we might postpone some load to next hour by using TES. But we have TES energy currently 19.5 kWh. We also need to examine load 08:00 = 46.6 kW. The ASHP output magnitude determined by ratio * 100 kW. So at ratio 0.33 => 33 kW from ASHP. If ASHP off => 0. Ratio 1 => 100 kW, but load is 46.6, so ASHP saturates at 46.6 kW? Actually load 46.6 kW: ASHP might output up to rated 100 kW, but load maybe requires 46.6 kW. Everything beyond load used to charge TES. But if TH 0 output, then load must be met by TES. If TES energy is insufficient, penalty.

Goal minimize emissions: we want to use as little electricity from ASHP as possible at high co2, but must meet demand. The current hour intensity 0.274, next hour 0.233. It would be beneficial to load some from TES (the TES energy we have) to reduce ASHP usage at this hour? That could reduce emissions if TES electricity consumption? TES doesn't consume electricity; it just stores. So we can use stored energy to meet demand, thereby not consuming new electricity with high intensity. So we should use TES as much as possible. But TEC usage likely automatically happens if energy available. At 08:00 we can allocate TES energy. But if we set high ASHP ratio at 08:00, ASHP may produce more electricity than load, partially charging TES, but additional electricity from ASHP at high intensity not good. So we want to use TES first, then low ASHP output to cover residual. Essentially schedule action that uses minimal ASHP electricity at high CO2. So we should pick low ASHP output ratio, e.g., 0 or 0.33.

We must consider that TES currently 19.5 kWh. The load is 46.6 kW for one hour. If TES supplies full load, we need 46.6 kWh. But we have only 19.5. So we need ASHP to supply remaining 27.1 kW. At ratio 0.33 gives 33 kW ASHP, enough to cover the 27.1 kWh plus rest of load? Actually if ASHP 33 kW > residual 27.1, the additional 6 kW would be surplus, used to charge TES. TES remains capacity. So we would use 27.1 kWh from ASHP and 19.5 from TES. So energy consumption 27.1 kWh at this hour at co2 0.274 => emissions = 7.42 kg.

If we choose ratio 0 (ASHP off), the load 46.6 must be met by TES. We only have 19.5, so unsatisfied 27.1 -> penalty big and would be unadvised.

If we choose ratio 1 (fully 100 kW) then we supply 46.6 kW from ASHP alone, no TES used. That consumes 46.6 kWh at intensity 0.274 => 12.78 kg. That's worse.

If ratio 0.67 (67 kW) produce 46.6 covers load fully, no TES used, but consumes 46.6 as well at intensity 0.274 => 12.78 kg again. So ratio 0.33 seems best.

But also we might consider that we could postpone some load to next hour; maybe we can keep TES as much as possible to have more energy for later high intensity hours. But if we use 0.33 ratio now, we will also produce some surplus 33-27.1 = ~6 kWH which will charge TES. So TES stays at 19.5+6 ~25.5. That will be available next hour. Next hour CO2 is 0.233; but we might keep TES consumption lower to reduce electricity use? But TES is just stored. We want to minimize total emissions for day. Let's compute emissions for remainder:

We can approximate future decisions too. Let's compute best policy assumptions.

I will simulate remaining hours use of actions to minimize emissions. In RL look-ahead we might pick action each hour. For optimal: use low ASHP ratio whenever possible if TES can cover gap; if TES gradually depletes, maybe shift to higher ratio. Also we might want to charge TES during low intensity hours if future high intensity hours. Possibly choose high ratio at low intensity to charge TES for upcoming high intensity hours. For example, if at 12:00 co2 0.205, we might charge TES.

We have high intensity hours: 16:00 0.326, 17:00 0.377, 15:00 0.273. So charging at 11:00 or 12:00 may be beneficial.

Let’s construct approximate schedule.

Current hour 08:00 choose ratio 0.33 as argued.

At 09:00 load 39.9, co2 0.233: low. We probably want to charge TES as possible. So choose high ratio 1 or 3? Ratio 1 gives 100kW, load 39.9, surplus 60.1 kWh. But TES capacity 300, we have currently maybe 19.5+6 =25.5. So we can add 60.1 -> 85.6 kWh. That would cost 39.9 kWh consumption at 0.233 intensity => 9.3 kg. Ratio 0.33 would provide 33kW, load 39.9, surplus? Actually 33 < 39.9, unsatisfied 6.9 so need TES. That would consume 33 -> 7.7 kg with TES supply negative? Wait unsatisfied need TES: we have 25.5, we use 6.9 from TES, leaving 18.6, no surplus. So emissions 7.7 kg. Ratio 3 (full 100kW but surplus less?), same as ratio 1. Actually full output 100kW yields same 60.1 surplus. Ratio 3 yields same. So ratio 1,3 similar but ratio 3 allowed true full; ratio 1 output ratio =1 maybe full basically. Actually action 3 is full output, but action 1 also full? The description says ""1 → ASHP output ratio ≈0.33 low"" ; ""2 → ≈0.67"" ; ""3 → full output"". So ratio 1 is low 33kW, ratio 3 full 100kW. So ratio 1 low is 33 kW. My earlier confusion: action 1 remains low. So set action indices: 0=ASHP off? 0 means ASHP off; TES covers load. 1 low 0.33; 2 medium 0.67; 3 full 1.0. So ratio for 0.33: 33kW. Good.

So 09:00 we might choose full output ratio 3 to charge TES. Emissions: 39.9 kWh consumption at 0.233 => 9.3 kg. Ratio 1 would use 33 kWh at 0.233 => 7.7 kg, but then use 6.9 TES, no surplus. So emissions lower at ratio 1 (7.7 vs 9.3). Also that leaves more TES energy for later high co2? If we do ratio 3 we charge extra 60, so have more TES. But if 16:00 high intensity, we can discharge TES. Let's consider both.

Compute future schedule maybe best: at 09:00 choose 1 (33 kWh consumption). 10:00 load 43.5 co2 0.213. At 08:00 we had TES 25.5 after charging surplus 6. At 09:00 we used 6.9 from TES for gap, leaving 18.6. We had no surplus because ASHP low. So TES stays 18.6. Good.

Now 10:00: choose maybe 1 (33). Load 43.5, needs 10.5 from TES. So we use 10.5, leaving 8.1. Consumption 33 at 0.213 => 7.03 kg.

11:00 load 45.5 co2 0.20, ratio 1 use 33, need 12.5 from TES, TES only 8.1 thus insufficient penalty; might need higher ratio 2 to reduce TES usage. ratio2 gives 67kW, surplus 21.5? Wait load 45.5, ASHP 67 > load 45.5, surplus 21.5 used to charge TES. So consumption 45.5 at 0.20? Wait ASHP run 67 but only 45.5 used for load, 21.5 used to charge TES. So consumption 45.5? Actually electricity consumption counted is from ASHP output: output ratio * rated = 67kW used total; but load 45.5 takes 45.5; surplus 21.5 goes to TES. So consumption 67 kWh at 0.20 => 13.4 kg. That's higher than using ratio 1 with partial deficit and TES penalty. But penalty likely huge; we must compute emission penalty? Not specified numeric, but ""large penalty"" means likely prohibitively high. So maybe cannot allow unsatisfied demand. Must keep load satisfied by TES+ASHP combination.

So we must compute action that ensures load satisfied. The policy might require at each hour ensure load satisfied.

To avoid penalty, we need to have enough TES+ASHP consumption to cover load. For each hour, supply = ASHP output + TES discharge. If supply >= load, okay. If supply < load, penalty huge.

Given we have low TES at 11:00, we may want to charge earlier at 09:00 using full output to preserve TES. Let's re-evaluate schedule: at 09:00 we could choose ratio 3 to produce 100, surplus 60 goes to TES. That will reduce reliance on TES later. Emission 39.9? Wait consumption 100kW, but load 39.9, so consumption 39.9? Actually consumption equals output ratio? ASHP uses electricity 100kW for full, that's consumption 100 kWh. But load only 39.9, we have overshoot of 60.1 used to charge TES. So consumption 100 kWh at 0.233 => 23.3 kg. That's quite high others. So ratio 1 had consumption 33 kWh at 0.233 = 7.7 kg. So ratio 1 better per unit. But low TES may cause penalty later. Let's estimate penalty maybe large, we don't know numeric constant. We might weigh it. But the instructions say ""Leaving demand unmet causes a large penalty; only select low ASHP ratios when TES has enough energy to bridge the gap."" So they want us to only choose low ASHP ratio when TES has enough energy to cover a gap. So at 09:00, TES energy currently 25.5. Load 39.9 - ASHP low output 33 = 6.9 gap. Since TES has 25.5 > 6.9, condition satisfied. So safe.

But later 10:00, TES after using 10.5 -> 8.1 remaining. Gap 43.5 - 33 = 10.5 > TES 8.1 -> can't. So ratio 1 not allowed. We would need ratio 2 or 3 to satisfy load. So we need to anticipate. But the RL look-ahead may consider future. So we should plan.

Better to charge some at 09:00 or 10:00 to ensure coverage. The emission cost in early low co2 hours might be acceptable to reduce later high co2 consumption.

Let's compute scenario of using ratio 2 for 10:00 and 11:00. But ratio 2 consumption high.

Alternatively, we might use ratio 1 for 09:00 and 10:00, subsequent ratio 3 for 11:00 (full output) to charge TES to cover deficits later. Let's evaluate.

We'll simulate two potential actions for current hour 08:00. But we only need to output action for current hour. The RL agent will fetch environment state and look ahead maybe but for this decision we need to pick action that leads to lowest emissions overall. Let's compute two options: choose ratio 0 (0) or ratio 1 (1). We know ratio 0 yields unsatisfied load 46.6 > TES 19.5 -> penalty. Not good.

So action 1 or maybe 2 or 3. Let's evaluate with look-ahead to day.

Option A: current hour ratio 1. We earlier studied that results in TES 18.6 after 10:00. Then we must choose high ratio to satisfy loads. Let's compute emissions for rest of day for optimal thereafter.

We can approximate: Use RL algorithm but do small manual forecast.

We need to compute for hours 09-17 inclusive.

Start conditions after 08:00: TES = after 08: At 08, action 1 low gives consumption 33, load 46.6, gap 13.6? Wait compute 46.6-33=13.6. Wait earlier expression mis-- hold on: ASHP output = ratio* rated = 0.33 * 100 = 33 kW. So consumption 33. TES used 13.6. TES prior 19.5071 goes to 5.9071. Wait earlier we used 27.1 gap?! Mist check: load 46.6 - ASHP 33 = 13.6 gap, not 27.1. I previously miscalc. Yes because ratio1 output 33 not 27.1. So TEX used 13.6 leaving 19.5-13.6 = 5.9 kWh. Wait we earlier had 27.1? Let's correct.

Let's recompute correctly for each hour.

Given rated 100kW, output ratio r yields r*100 kW from ASHP. Load L. Gap =",NaN,-0.0
0,"<|start|>system<|message|>You are ChatGPT, a large language model trained by OpenAI.
Knowledge cutoff: 2024-06
Current date: 2025-10-26

Reasoning: medium

# Valid channels: analysis, commentary, final. Channel must be included for every message.<|end|><|start|>developer<|message|># Instructions

You are an optimisation agent that supervises a thermal energy storage (TES) plant. Your job is to minimise cumulative CO₂ emissions over the full simulation horizon by planning TES charge and discharge decisions.
Developer instructions: respond using ASCII characters only. Return a single line formatted exactly as `[action_index]`, where action_index is an integer in {0, 1, 2, 3}. Do not include additional text, explanations, markdown, or keys.

<|end|><|start|>user<|message|>Objective:
- Minimise total CO₂ emissions = electricity consumption × time-varying CO₂ intensity over the horizon.

Current context:
- Current time [h]: 2025-05-07 08:00:00
- Current TES energy [kWh]: 19.507123719962433

Forecast data:
Forecast features (raw values aligned with the RL look-ahead):

- Remaining business hours today (08:00-17:00, close at 18:00):
  - 08:00: load=46.6 kW, co2=0.274 kg-CO2/kWh  ←Now!!!
  - 09:00: load=39.9 kW, co2=0.233 kg-CO2/kWh
  - 10:00: load=43.5 kW, co2=0.213 kg-CO2/kWh
  - 11:00: load=45.5 kW, co2=0.200 kg-CO2/kWh
  - 12:00: load=43.8 kW, co2=0.205 kg-CO2/kWh
  - 13:00: load=46.6 kW, co2=0.213 kg-CO2/kWh
  - 14:00: load=41.6 kW, co2=0.230 kg-CO2/kWh
  - 15:00: load=45.9 kW, co2=0.273 kg-CO2/kWh
  - 16:00: load=44.2 kW, co2=0.326 kg-CO2/kWh
  - 17:00: load=47.0 kW, co2=0.377 kg-CO2/kWh

- Next-day planning metrics (for terminal planning):
  - load_mean=35.7 kW (average cooling demand for next day)
  - co2_low5_avg=0.226 kg-CO2/kWh (average of lowest 5 hours of CO2 factor for next day)
  - co2_min=0.224 kg-CO2/kWh (minimum CO2 factor for next day)

System parameters:
ASHP rated capacity [kW]: 100.0
ASHP base COP [-]: 4.0
TES capacity [kWh]: 300.0

Action space for the next hour:
0 → ASHP output ratio = 0.00 (ASHP off; rely on TES if demand exists)
1 → ASHP output ratio ≈ 0.33 (low output; TES covers most of the remaining demand)
2 → ASHP output ratio ≈ 0.67 (medium output; TES supplements when load exceeds this level)
3 → ASHP output ratio = 1.00 (full output; any surplus charges TES if capacity remains)

Operational notes:
- TES discharges automatically when load exceeds the scheduled ASHP output and energy is available.
- TES charges automatically when ASHP output exceeds the load and free capacity exists.
- Leaving demand unmet causes a large penalty; only select low ASHP ratios when TES has enough energy to bridge the gap.

Decision requirements:
- Optimise with a full-horizon perspective rather than a greedy step.
- Keep TES utilisation efficient; avoid unnecessary saturation or depletion.
- Prioritise emission reductions even if it requires near-term energy use.
- Consider pre-charging during low-carbon periods and discharging during high-carbon periods while respecting TES energy limits.

Return format:
- Output a single token formatted as `[action_index]` (e.g., `[0]`, `[1]`, `[2]`, `[3]`).<|end|><|start|>assistant","analysisWe must decide on action index for the next hour (8-9). Current TES energy 19.5 kWh. Load at 08:00 is 46.6 kW. CO2 0.274 kg/kWh. It’s current hour now. We have options 0,1,2,3.

We want minimize cumulative CO2 emissions over full horizon. We should consider future high CO2 hours. At 9:00 co2 0.233 lower, 10:00 0.213 lower, 11:00 0.200 lower, then later increasing: 12 0.205, 13 0.213, 14 0.230, 15 0.273, 16 0.326, 17 0.377. We currently have TES energy 19.5 kWh; load 46.6 kW.

If we pick ASHP ratio 0, no ASHP output. TES must cover load. TES will discharge 46.6 kWh into buffer unbalance? Actually we have 19.5 kWh, so not enough. So can't choose 0 (would fail). Similarly for low ratio 0.33: ASHP output 0.33*100=33 kW. TES covers remaining 13.6 kW. TES would discharge 13.6 kWh. We have 19.5, enough. Good. This might be good because we are using low CO2 hour (0.274). But we might want to charge TES when low CO2 occurs. This hour is moderate. Compare: If we set ratio 3, ASHP output 100 kW, over-supplies load 46.6 -> surplus 53.4 kW, which is 53.4 kWh to charge TES. But CO2 is 0.274. That would charge TES with moderate CO2 emission, but we may prefer to charge at lower CO2 hours (like 9,10,11). At 9 co2 0.233. So likely better to keep ASHP off or at low ratio 1, to draw TES. Purpose is to keep TES discharged for high co2 hours later.

We also need to consider that if we use ratio 2, ASHP 67kW > load 46.6, surplus 20.4 -> charge 20.4 kWh. That may saturate TES, we have capacity 300 kWh and currently 19.5, so still plenty. That may also reduce future load. But we'd be generating 67 kW at 0.274 co2, greater emission than ratio 1. However, we benefit by increasing TES to discharge later; but we also face higher immediate emission per kWh. We might consider using ratio 3 to charge fastest.

Look ahead: after 8, loads: 9:39.9, 10:43.5, 11:45.5, 12:43.8, 13:46.6, 14:41.6, 15:45.9, 16:44.2, 17:47.0. High co2 at 15-17. TES should provide load there. But TES capacity already high. We must consider emission content.

We want to minimise total CO2 = sum electricity consumption * co2 factor. Since electricity consumption overall is constant regardless of when produced (all loads must be served). The difference is what electricity source used: ASHP vs TES. So if we let TES discharge during high co2 times, we avoid using ASHP energy at high co2 factor. But TES requires energy produced earlier. If produced earlier at low factor, that's beneficial.

Thus we want to charge TES during low factor hours 9-11 maybe. At 8 hour we could choose low ratio to preserve TES for later? Let's compute: if we set ratio 1 (33kW) we use 33 kWh from ASHP at 0.274 factor instead of 46.6 from TES. That reduces future TES energy by 13.6 kWh. But that 33 kWh could have been produced at later if needed? Actually we could produce later at higher factor 0.326 at 16 hour or 0.377 at 17. So it's beneficial to use ASHP at 0.274. So 1 is good.

But maybe better to choose ratio 3 to charge 53kWh, but that produces 100 kWh at same factor 0.274? Wait ASHP output 100kW yields 100 kWh energy used to meet load and charge. portion 46.6 goes to load; surplus 53.4 goes to TES. That extra 53.4 produced at 0.274 vs using TES to provide that in later high factor. That seems good: we use high co2 later to discharge, but we charge with same factor. So emission per kWh used later is 0.274? Actually the energy produced at 0.274 is stored; later mo charges discharges at same energy but emission occurred when produced at 0.274. So if we charge now, we avoid those 53.4 kWh at future high factor, good. So ratio 3 seems best.

But we also have to consider that if we charge large mass of TES, TES capacity is 300; we have 19.5, we can handle additional 53.4.

So action 3 seems optimal.

But also we must consider that ratio 3 yields 100kW output; but load 46.6 so 53.4 kWh produced as surplus. If we charged at ratio 3, we produce 100 kWh of electricity at 0.274 each hour, whereas ratio 1 would produce 33 kWh at 0.274 but use TES to cover remaining 13.6. Ratio 3 gives more total kWh produced at that factor, thus more low CO2 electricity. Since load fixed at 46.6, we have extra energy. That is beneficial.

Thus action 3.

Return format: [3]. Let's output that.assistantfinal[3]",3,0.17787694931030273
0,"<|start|>system<|message|>You are ChatGPT, a large language model trained by OpenAI.
Knowledge cutoff: 2024-06
Current date: 2025-10-26

Reasoning: medium

# Valid channels: analysis, commentary, final. Channel must be included for every message.<|end|><|start|>developer<|message|># Instructions

You are an optimisation agent that supervises a thermal energy storage (TES) plant. Your job is to minimise cumulative CO₂ emissions over the full simulation horizon by planning TES charge and discharge decisions.
Developer instructions: respond using ASCII characters only. Return a single line formatted exactly as `[action_index]`, where action_index is an integer in {0, 1, 2, 3}. Do not include additional text, explanations, markdown, or keys.

<|end|><|start|>user<|message|>Objective:
- Minimise total CO₂ emissions = electricity consumption × time-varying CO₂ intensity over the horizon.

Current context:
- Current time [h]: 2025-05-07 08:00:00
- Current TES energy [kWh]: 19.507123719962433

Forecast data:
Forecast features (raw values aligned with the RL look-ahead):

- Remaining business hours today (08:00-17:00, close at 18:00):
  - 08:00: load=46.6 kW, co2=0.274 kg-CO2/kWh  ←Now!!!
  - 09:00: load=39.9 kW, co2=0.233 kg-CO2/kWh
  - 10:00: load=43.5 kW, co2=0.213 kg-CO2/kWh
  - 11:00: load=45.5 kW, co2=0.200 kg-CO2/kWh
  - 12:00: load=43.8 kW, co2=0.205 kg-CO2/kWh
  - 13:00: load=46.6 kW, co2=0.213 kg-CO2/kWh
  - 14:00: load=41.6 kW, co2=0.230 kg-CO2/kWh
  - 15:00: load=45.9 kW, co2=0.273 kg-CO2/kWh
  - 16:00: load=44.2 kW, co2=0.326 kg-CO2/kWh
  - 17:00: load=47.0 kW, co2=0.377 kg-CO2/kWh

- Next-day planning metrics (for terminal planning):
  - load_mean=35.7 kW (average cooling demand for next day)
  - co2_low5_avg=0.226 kg-CO2/kWh (average of lowest 5 hours of CO2 factor for next day)
  - co2_min=0.224 kg-CO2/kWh (minimum CO2 factor for next day)

System parameters:
ASHP rated capacity [kW]: 100.0
ASHP base COP [-]: 4.0
TES capacity [kWh]: 300.0

Action space for the next hour:
0 → ASHP output ratio = 0.00 (ASHP off; rely on TES if demand exists)
1 → ASHP output ratio ≈ 0.33 (low output; TES covers most of the remaining demand)
2 → ASHP output ratio ≈ 0.67 (medium output; TES supplements when load exceeds this level)
3 → ASHP output ratio = 1.00 (full output; any surplus charges TES if capacity remains)

Operational notes:
- TES discharges automatically when load exceeds the scheduled ASHP output and energy is available.
- TES charges automatically when ASHP output exceeds the load and free capacity exists.
- Leaving demand unmet causes a large penalty; only select low ASHP ratios when TES has enough energy to bridge the gap.

Decision requirements:
- Optimise with a full-horizon perspective rather than a greedy step.
- Keep TES utilisation efficient; avoid unnecessary saturation or depletion.
- Prioritise emission reductions even if it requires near-term energy use.
- Consider pre-charging during low-carbon periods and discharging during high-carbon periods while respecting TES energy limits.

Return format:
- Output a single token formatted as `[action_index]` (e.g., `[0]`, `[1]`, `[2]`, `[3]`).<|end|><|start|>assistant","analysisWe need to pick action index 0-3 for this hour (08:00). Want to minimise CO2 over full horizon (08-17). Current TES energy 19.51 kWh. TES capacity 300 kWh. ASHP rated 100kW, CO2 factor for this hour is 0.274. So using ASHP has co2 0.274 per kWh. Using TES uses no electricity? Actually TES discharge draws stored heat, no CO2. But load must be met. So at 08: load 46.6 kW. If we set ASHP output e.g., ratio 0.33 => output = 33 kW, remaining 13.6 kW must come from TES (discharge). That uses 13.6 kWh energy. That leaves tes energy 19.5-13.6=5.9 kWh. That is good.

Time 09: co2 0.233. Minimal. If TES has enough, we may use TES. TES at 5.9 now. Need 39.9 load. Could set ASHP 39.9? ratio 0.40 but we only have actions: 0(off), 0.33, 0.67, 1.0. So maybe use ASHP=0.33 output 33 => leaving 6.9 kWh from TES, reduces TES to -1? Wait, TES=5.9, not enough. So cannot use 0.33 or 0.67? Actually for 0.33 we need 39.9-33=6.9kWh, but tes is 5.9, so can't meet demand fully. Must keep safe. But maybe we could forward charge at 08 to 300? No, 08 we can charge by using ASHP output >load? But load is 46.6. If ASHP full output 100kW, we discharge 53.4kW? Wait system draws heat from ASHP, but if output > load, surplus energy (100-46.6=53.4 kW) is stored in TES. But load is cooling? It's a heat pump? Off. The ASHP raw heat output? It's rated 100kW. We can use full output to supply load plus charge. So at 08 we could do action 3 to charge heavily. That would use electricity 100kW*0.274=27.4 kgCO2 for 1h. Gains 100-46.6=53.4 kWh stored → TES becomes 19.5+53.4=72.9 kWh. Keep within capacity 300.

At 09: Load 39.9. If we keep no ASHP (action 0), we rely entirely on TES. That would discharge 39.9 kWh, leaving TES 72.9-39.9=33 kWh. Emission 0. So good.

At 10: Load 43.5. We have 33 TES, not enough. But we could set ASHP 0.67? output=67 kW maybe? That would supply 43.5 load, remaining 23.5 kWh goes to TES. That would bring TES from 33 to 33+23.5=56.5. But we also consume electricity 67*0.274 = 18.358? Actually CO2 factor for 10 is 0.213. So 67kW*0.213=14.271 kg; per hour 67 kWh.

Alternatively set ASHP 0.33 => output 33, short 10.5kWh -> we don't have TES. So can't. So must use 0.33 but no? TES insufficient. So choose higher ratio.

Alternatively we could at 09 decide not to discharge fully, maybe set action 2 to produce 67kW at 9? But load 39.9; we'd produce surplus 27.1 kWh for charge. That would increase TES to 60kWh. However co2 factor at 9 is 0.233. Might be acceptable.

Goal: minimize cumulative emissions over 08-17. Let's consider co2 factors: decreases until 13: about 0.206~0.213 then high at 15-17.

Strategy: charge during low co2 hours and discharge later.

Costs at each hour at full 100kW: 100kW*CO2 factor. For 08:27.4; 09:23.3; 10:21.3; 11:20.8; 12:21.0; 13:21.3; 14:23.9; 15:27.3; 16:32.6; 17:37.7.

We want to use ASHP during low factor hours, high factor hours use TES.

Thus we should charge as much as possible in low factor hours while not exceeding TES capacity. We have capacity 300 kWh. Starting energy 19.5. There are 10 hours: load sum from 08-17: 46.6+39.9+43.5+45.5+43.8+46.6+41.6+45.9+44.2+47.0 = let's sum: 46.6+39.9=86.5; +43.5=130; +45.5=175.5; +43.8=219.3; +46.6=265.9; +41.6=307.5; +45.9=353.4; +44.2=397.6; +47=444.6 kWh total load 444.6.

We can partially supply via TES. We need to design schedule. Assume we plan to use TES fully for high factor times (15-17). Load sums for 15-17: 45.9+44.2+47=137.1 kWh. We'll discharge all from TES during those times if available. That requires 137.1 kWh at that period. Let's compute TES over time.

Goal: minimize emissions, i.e., use ASHP during low co2 (say 08-12). Let's simulate economy.

We'll attempt a policy: in 08-12, run ASHP at full (action 3) to charge as much as possible. In 13-14, maybe run at 1.0 or 0.67 to meet load and maybe charge (but co2 increased). Then for 15-17, run ASHP off (action 0), discharge TES.

Let's simulate approximate TES energy.

Start TES0=19.5.

08: action 3: ASHP output 100. Load 46.6. Supply 46.6, surplus 53.4 stored. TES = 19.5+53.4=72.9.

09: action 3: surplus 100-39.9=60.1 stored. TES=132.9.

10: action 3: surplus 100-43.5=56.5 stored. TES=189.4.

11: action 3: surplus 100-45.5=54.5 stored. TES=243.9.

12: action 3: surplus 100-43.8=56.2 stored -> TES=300.1 but capacity 300: we can only store up to 300. So the extra 0.1 can't be stored but might be wasted. Let's approximate TES =300.

13: action 3: load 46.6, ASHP output 100 -> surplus 53.4 stored but TES at full capacity 300, cannot store. So no charge, you still need to supply 46.6 from ASHP. So no discharge? But we can just supply 46.6, no surplus. We don't have charge. So we maintain TES at 300. Emission 13: 100kW*0.213=21.3.

Alternatively we could run action 2 (67kW) offload such that load 46.6 >67? Actually 67>46.6 so ASHP can cover load and still surplus 20.4 to charge, but TE capacity full.

14: action 3: similar, load 41.6, ASHP full 100, surpluses 58.4 not stored. Good. Emissions 23.9.

Now 15: action 0 off. Need to meet 45.9 load via TES discharge 45.9. TES from 300 to 254.1. 16: discharge 44.2 -> 209.9. 17: discharge 47 -> 162.9. So we use TES for high.

We have unsolved: at 15-17 we used no ASHP electricity, but TES still may have surplus if we had not used full capacity earlier. But we consumed 45.9+44.2+47=137.1 kWh, leaving 62.9 kWh unused.

Now all load is met. Emission: Sum of CO2 for hours with ASHP 3: 08-14. Need to compute: 08:27.4;09:23.3;10:21.3;11:20.8;12:21.0;13:21.3;14:23.9. Sum=~$? Let's compute:

08 27.4
09 23.3 => 50.7
10 +21.3 =72
11 +20.8=92.8
12 +21.0=113.8
13 +21.3=135.1
14 +23.9=159.0

Total 159.0 kg CO2.

Check: Did we include 10? We used full 100. All fine.

Now is there possibility for lower? Maybe we don't need to charge as much at high co2 13 and 14, because load at 15-17 high co2 reduce energy usage? Wait high co2 period we don't use ASHP so emissions are zero. But charges earlier at low co2 offset high co2 loads.

Could we reduce emissions by using less ASHP at 13-14 by using TES earlier? For example, at 13, we could use ASHP 0.67 (producing 67kW) leaving 46.6 load. But still surplus 20.4 kWh, but storing not possible. So same as ASHP 3. For 14, same.

If we decide to use less at 10,11 maybe? Let's analyze alternative: Not charging full at all but also use TES to cover during 15-17. But we already used TES fully 137kWh. If we had charged more before 13? We could fill TES further? But capacity limited 300. We reached 300 at 12. So can't charge more.

Alternative: Use ASHP 0 at 10-12 maybe to allow TED to supply at high co2? But 15-17 loads are 137.1. We have stored 300, so we have enough. If we don't use ASHP at 08-09 maybe we still have 19.5+? We would have less stored -> still enough. Emission reduction possible if we avoid high load ASHP at 10-12 where co2 factor still lower? Let's check co2 at 10=0.213, 11=0.200, 12=0.205. Our strategy uses ASHP at 100 at those times. They are moderate. Maybe we can cut some of them to use TES at 10-12 and reduce emissions somewhat.

But note that we still need to consume electricity at some low co2 times to charge for later high co2 loads. Could use earlier times 08-09. Co2 at 08 0.274, 09 0.233. They are a bit higher but similar. Still low co2 relative to 15-17. Maybe we could drop ASHP 3 at 10-12 and use TES to cover load at those times, preserving TES for later.

At 10 load 43.5. If we let TES discharge 43.5, we would need TES energy at 10. But we had stored 72.9 at 08, 132.9 at 09, 189.4 at 10? Wait we didn't yet use at 10. Suppose we run ASHP 3 at 08 and 09, we get 72.9 + 60.1? Actually the path: 08 gave 72.9; 09 gave 132.9; 10 if we let ASHP 0, we discharge 43.5 -> TES down to 89.4. That would reduce stored/ consumed early. Then we still need to cover load 45.5 at 11, we could discharge TES and so on. So we would be using TES earlier, which reduces storage for 15-17, but we have 137 later still. Maybe we can still meet 137 if we had enough earlier? Let's compute.

Let's design schedule: Use ASHP 3 at 08-09 only. Then let TES cover load 10-12 maybe partially. But we need to also cover some of 13-14? Let's compute.

Using ASHP at 08: surplus 53.4 storing: TES 72.9.
09: excess 60.1 storing: TES 132.9.
10: use TES for load 43.5. No charging. TES becomes 89.4.
11: again use TES: load 45.5 -> TES 43.9.
12: load 43.8 -> TES 0 -> we need to satisfy remainder using ASHP? Not enough. We cannot meet load if TES 0. So we need to still run ASHP at 12 partially to provide load as well; maybe run some ASHP to charge after 12? But load 12 is still 43.8; we can run ASHP ratio 1 at 12, produce 100, supply 43.8 load and 56.2 surplus to charge. But TES is 0; we can store 56.2. Then TES at 12 after action is 56.2. 13 and 14: maybe still fire full to maintain charges? But we may store more. 13: 46.6 load; using ASHP 1 would produce 53.4 surplus but TES 56.2 +53.4 would exceed capacity 109.6? Wait capacity 300, so fine. 13 increase to 109.6. 14: 41.6 load, we produce 58.4 surplus, TES 109.6+58.4=168.0. 15-17: discharge 137.1 leaving 31.0. Emission: Let's compute.

08: ASHP 3 => 27.4.
09: ASHP 3 => 23.3.
10: ASHP 0 => 0.
11: 0 =>0.
12: 3 => 21.",NaN,-0.0
0,"<|start|>system<|message|>You are ChatGPT, a large language model trained by OpenAI.
Knowledge cutoff: 2024-06
Current date: 2025-10-26

Reasoning: medium

# Valid channels: analysis, commentary, final. Channel must be included for every message.<|end|><|start|>developer<|message|># Instructions

You are an optimisation agent that supervises a thermal energy storage (TES) plant. Your job is to minimise cumulative CO₂ emissions over the full simulation horizon by planning TES charge and discharge decisions.
Developer instructions: respond using ASCII characters only. Return a single line formatted exactly as `[action_index]`, where action_index is an integer in {0, 1, 2, 3}. Do not include additional text, explanations, markdown, or keys.

<|end|><|start|>user<|message|>Objective:
- Minimise total CO₂ emissions = electricity consumption × time-varying CO₂ intensity over the horizon.

Current context:
- Current time [h]: 2025-05-07 08:00:00
- Current TES energy [kWh]: 19.507123719962433

Forecast data:
Forecast features (raw values aligned with the RL look-ahead):

- Remaining business hours today (08:00-17:00, close at 18:00):
  - 08:00: load=46.6 kW, co2=0.274 kg-CO2/kWh  ←Now!!!
  - 09:00: load=39.9 kW, co2=0.233 kg-CO2/kWh
  - 10:00: load=43.5 kW, co2=0.213 kg-CO2/kWh
  - 11:00: load=45.5 kW, co2=0.200 kg-CO2/kWh
  - 12:00: load=43.8 kW, co2=0.205 kg-CO2/kWh
  - 13:00: load=46.6 kW, co2=0.213 kg-CO2/kWh
  - 14:00: load=41.6 kW, co2=0.230 kg-CO2/kWh
  - 15:00: load=45.9 kW, co2=0.273 kg-CO2/kWh
  - 16:00: load=44.2 kW, co2=0.326 kg-CO2/kWh
  - 17:00: load=47.0 kW, co2=0.377 kg-CO2/kWh

- Next-day planning metrics (for terminal planning):
  - load_mean=35.7 kW (average cooling demand for next day)
  - co2_low5_avg=0.226 kg-CO2/kWh (average of lowest 5 hours of CO2 factor for next day)
  - co2_min=0.224 kg-CO2/kWh (minimum CO2 factor for next day)

System parameters:
ASHP rated capacity [kW]: 100.0
ASHP base COP [-]: 4.0
TES capacity [kWh]: 300.0

Action space for the next hour:
0 → ASHP output ratio = 0.00 (ASHP off; rely on TES if demand exists)
1 → ASHP output ratio ≈ 0.33 (low output; TES covers most of the remaining demand)
2 → ASHP output ratio ≈ 0.67 (medium output; TES supplements when load exceeds this level)
3 → ASHP output ratio = 1.00 (full output; any surplus charges TES if capacity remains)

Operational notes:
- TES discharges automatically when load exceeds the scheduled ASHP output and energy is available.
- TES charges automatically when ASHP output exceeds the load and free capacity exists.
- Leaving demand unmet causes a large penalty; only select low ASHP ratios when TES has enough energy to bridge the gap.

Decision requirements:
- Optimise with a full-horizon perspective rather than a greedy step.
- Keep TES utilisation efficient; avoid unnecessary saturation or depletion.
- Prioritise emission reductions even if it requires near-term energy use.
- Consider pre-charging during low-carbon periods and discharging during high-carbon periods while respecting TES energy limits.

Return format:
- Output a single token formatted as `[action_index]` (e.g., `[0]`, `[1]`, `[2]`, `[3]`).<|end|><|start|>assistant","analysisWe need to decide action for next hour (08:00). We have current TES energy 19.507 kWh out of 300. Load 46.6 kW. Co2 intensity now 0.274. We want minimize emissions over horizon, but with current horizon maybe 10 hours until 18:00. We can also plan for next day with lower intensity. For this hour, should we use ASHP or rely on TES? TES energy low; need to supply 46.6 kW. If we pick ASHP ratio 0 (off), TES would have to cover full 46.6 kW; it has only 19.5 kWh, impossible. So must have ASHP output. We aim to use ASHP at higher ratio to reduce emissions. But consider future low CO2 period next day. However, for current day, 09:00 co2 is 0.233 less than 0.274. Might want to postpone some charging to next day? But cannot skip meeting load. So need enough ASHP output to meet load. Ratio options: 0 at 100% off, 1 at 33% output, 2 at 67% output, 3 full output.

If we choose ratio 2 (67% of 46.6 kW = ~31.2 kW). Then the load 46.6, so 15.4 kW short; TES would need to supply that. TES has 19.5kWh, that is available. So action 2 doable. If we choose ratio 1: 15.4 kW output, load 46.6, need 31.2 kW from TES; TES 19.5 kWh insufficient (since 31 kW for 1 hour > 19.5). So ratio 1 not feasible. Ratio 3: full output 46.6 kW meets load with no TES discharge. However, that would not help precharge for next low carbon? Actually but we also have potential to charge TES during low carbon upcoming hours (future in same day). But the load high could limit charging. With ratio 3 fully, no surplus. Ratio 2: some surplus? Actually we use 31.2 kW ASHP, load 46.6 => TES must supply 15.4 kW. That leaves no surplus to charge. So TES energy will decrease to ~4.1 kWh. That would reduce future potential for low-carbon discharge. But not huge. Ratio 3 uses full load no TES use; TES remains at 19.5 kWh. That is better for future low emissions. And emissions higher though now: emissions from electricity = load * intensity. Under ratio 3, electricity consumption 46.6 kW * 0.274 = 12.77 kg CO2. Under ratio 2, electricity consumption 31.2 kW * 0.274 = 8.55 kg. So ratio2 reduces emissions now by 4.22 kg, but reduces TES energy.

Consider future hours: 09:00 eff 0.233, 10:00 0.213; 11:00 0.200; 12:00 0.205; 13:00 0.213; 14:00 0.23; 15:00 0.273; 16:00 0.326; 17:00 0.377.

We want to charge TES during low CO2 periods (low ~0.2). Also discharge during high (~0.35). TES currently 19.5 kWh; we could discharge later? To reduce emissions, we want to use TES during high CO2. But if we lose TES now, we lose ability to discharge later. Thus choose ratio 3 to preserve. Ratio 2 would drop TES to ~4kWh, then cannot discharge in high. So action 3 seems better final emission. But we need consider that load remains high some hours with high CO2 later; but if TES has some energy, can help.

Let's compute net emission savings: Suppose we use ratio 3 for all hours. Then all load done by ASHP, no TES changes. Emissions: sum load*co2 intensities for 10 hours. Let's approximate:

We have loads: 46.6, 39.9, 43.5, 45.5, 43.8, 46.6, 41.6, 45.9, 44.2, 47.0. Multiply by respective co2. Let's compute quickly:

1)46.6*0.274 = 12.7704
2)39.9*0.233 = 9.2987
3)43.5*0.213 = 9.2655
4)45.5*0.200 = 9.10
5)43.8*0.205 = 8.979
6)46.6*0.213 = 9.9348
7)41.6*0.230 = 9.568
8)45.9*0.273 = 12.537
9)44.2*0.326 = 14.409
10)47.0*0.377 = 17.719

Sum: 12.7704+9.2987=22.0691; +9.2655=31.3346; +9.10=40.4346; +8.979=49.4136; +9.9348=59.3484; +9.568=68.9164; +12.537=81.4534; +14.409=95.8624; +17.719=113.5814 kg CO2.

Now if we use ratio 2 first hour, then TES decreases to 4.1. Let's re-evaluate emissions for hour 1: Electricity 31.2kW*0.274=8.5488 kg. TES discharge 15.4kWh at current co2 0.274? The TES is discharge from stored low-carbon? Actually TES discharging uses energy stored earlier at its own carbon intensity (maybe from previous time). But for emission calculation maybe ignore. We assume TES energy charged at previous days:
But we treat it as electricity still consumed from grid — the emission for 'electricity consumption' is what matters; if we draw from TES, that's not direct grid consumption? But they said emissions = electricity consumption × intensity. Here TES discharge uses stored energy, but it was generated previously. So emissions from discharge maybe from earlier generation. But currently threshold is to minimise cumulative emissions of electricity consumption over horizon: So we only count direct consumption. So TES discharge reduces grid consumption by same amount. So use ratio 2 reduces consumption by 15.4 kW. Good.

Thus for first hour, electricity consumption 31.2kW instead of 46.6 -> reduce 15.4kW consumption -> emissions 8.55 vs 12.77; reduction 4.22.

But TES energy will be depressed; later we might not have enough energy to shut off ASHP. For later high co2 hours, we might need to use TES to reduce consumption. With 19.5kWh we maybe only 19.5kWh of future consumption can be saved. Let's compute high co2 hours (>=0.270 maybe?). Which ones: 15:00 0.273, 16:00 0.326, 17:00 0.377. Also 14:00 0.230 low. So high at 15, 16, 17. TES could discharge 15.4kWh at 15:00 maybe; 15:00 load 45.9; maybe we could operate low ASHP to use TE. But maybe action 3 each hour is easier. But we have limited TES.

Let's consider the dynamic: If we start ratio 3 now, TES stays 19.5. We could then at 15:00 postpone ASHP partially to discharge stored energy. But we can't choose global plan; we just pick action each hour. Currently first hour, we pick action 3. At 9am, we will decide again. So we can still use TES for high hours.

Thus I'd choose action 3. So output [3].assistantfinal[3]",3,0.17787694931030273
